wavelength,flux,error,strip,errrms,errsys,errcal
5.236245,0.066754,0.010937,2,0.010937,0.0,8.56E-4
5.249093,0.066319,0.009823,2,0.009823,0.0,3.4E-4
5.267233,0.069091,0.021583,2,0.01169,0.009893,8.38E-4
5.280081,0.067675,0.020073,2,0.010179,0.009893,4.14E-4
5.298222,0.069732,0.017364,2,0.010533,0.006831,6.34E-4
5.311069,0.066624,0.016568,2,0.009737,0.006831,3.91E-4
5.329209,0.069621,0.016375,2,0.009544,0.006831,3.92E-4
5.342057,0.070719,0.01599,2,0.009159,0.006831,2.7E-4
5.360197,0.07227,0.015916,2,0.009085,0.006831,3.37E-4
5.373044,0.073292,0.015962,2,0.009131,0.006831,2.73E-4
5.391185,0.069005,0.008738,2,0.008738,0.0,3.18E-4
5.404032,0.068168,0.008978,2,0.008978,0.0,3.47E-4
5.422173,0.068348,0.008432,2,0.008432,0.0,3.63E-4
5.45316,0.074559,0.010319,2,0.008149,0.00217,4.94E-4
5.466008,0.070998,0.010099,2,0.007929,0.00217,3.84E-4
5.496995,0.066697,0.007345,2,0.007345,0.0,3.45E-4
5.515135,0.069772,0.007065,2,0.007065,0.0,2.61E-4
5.546123,0.065629,0.009087,2,0.006917,0.00217,2.42E-4
5.55897,0.066529,0.009073,2,0.006903,0.00217,2.5E-4
5.57711,0.066664,0.010933,2,0.006869,0.004064,2.57E-4
5.589957,0.068234,0.010894,2,0.00683,0.004064,2.32E-4
5.608097,0.07344,0.012172,2,0.007013,0.005159,3.32E-4
5.620944,0.072254,0.0119,2,0.006742,0.005159,2.72E-4
5.651932,0.067741,0.006541,2,0.006541,0.0,2.98E-4
5.670072,0.069895,0.006613,2,0.006613,0.0,3.48E-4
5.701058,0.06324,0.006468,2,0.006468,0.0,2.99E-4
5.713906,0.064737,0.006169,2,0.006169,0.0,2.22E-4
5.744893,0.066812,0.006402,2,0.006402,0.0,2.35E-4
5.763032,0.073249,0.007563,2,0.007563,0.0,3.09E-4
5.775879,0.068395,0.006731,2,0.006731,0.0,2.52E-4
5.794019,0.068986,0.007876,2,0.007876,0.0,2.89E-4
5.806866,0.069721,0.007132,2,0.007132,0.0,2.56E-4
5.825006,0.066094,0.012589,2,0.008383,0.004206,3.34E-4
5.837853,0.063173,0.011451,2,0.007245,0.004206,2.1E-4
5.855993,0.065417,0.0085,2,0.0085,0.0,3.45E-4
5.86884,0.0655,0.007508,2,0.007508,0.0,2.15E-4
5.88698,0.07366,0.013192,2,0.008987,0.004206,3.69E-4
5.899827,0.069759,0.012229,2,0.008023,0.004206,2.13E-4
5.917966,0.067164,0.009089,2,0.009089,0.0,3.7E-4
5.930813,0.069065,0.008412,2,0.008412,0.0,2.31E-4
5.948952,0.07188,0.009544,2,0.009544,0.0,4.58E-4
5.9618,0.069802,0.008826,2,0.008826,0.0,2.59E-4
5.979939,0.068895,0.009418,2,0.009418,0.0,3.52E-4
5.992786,0.063985,0.008859,2,0.008859,0.0,2.56E-4
6.010925,0.0816,0.0119,2,0.009753,0.002147,3.89E-4
6.023772,0.072923,0.011522,2,0.009375,0.002147,2.99E-4
6.041912,0.070311,0.012034,2,0.009216,0.002819,3.44E-4
6.054759,0.069377,0.012027,2,0.009208,0.002819,2.95E-4
6.072897,0.067848,0.008738,2,0.008738,0.0,2.79E-4
6.085744,0.072812,0.009218,2,0.009218,0.0,3.05E-4
6.103884,0.068475,0.008444,2,0.008444,0.0,2.89E-4
6.116731,0.069047,0.008989,2,0.008989,0.0,2.94E-4
6.13487,0.076654,0.008452,2,0.008452,0.0,3.35E-4
6.147717,0.076161,0.008918,2,0.008918,0.0,5.23E-4
6.165856,0.069047,0.008126,2,0.008126,0.0,2.84E-4
6.178703,0.066275,0.008704,2,0.008704,0.0,5.45E-4
6.196842,0.068597,0.010478,2,0.007817,0.002661,2.7E-4
6.209689,0.071988,0.01115,2,0.008488,0.002661,3.66E-4
6.227828,0.074404,0.011345,2,0.007678,0.003667,2.91E-4
6.240674,0.079058,0.011741,2,0.008075,0.003667,3.36E-4
6.258813,0.074935,0.007564,2,0.007564,0.0,2.72E-4
6.27166,0.074002,0.008018,2,0.008018,0.0,2.68E-4
6.289799,0.075836,0.007656,2,0.007656,0.0,2.65E-4
6.302646,0.07623,0.008037,2,0.008037,0.0,2.66E-4
6.320785,0.068483,0.008599,2,0.007516,0.001083,2.4E-4
6.333632,0.07074,0.009075,2,0.007992,0.001083,2.48E-4
6.35177,0.075165,0.008036,2,0.008036,0.0,2.93E-4
6.364617,0.075256,0.008033,2,0.008033,0.0,3.09E-4
6.382756,0.073314,0.008987,2,0.007904,0.001083,3.81E-4
6.395603,0.075988,0.008992,2,0.007909,0.001083,4.0E-4
6.413741,0.076775,0.008037,2,0.008037,0.0,4.58E-4
6.426588,0.067492,0.007413,2,0.007413,0.0,3.53E-4
6.444727,0.070122,0.00784,2,0.00784,0.0,3.66E-4
6.457573,0.072125,0.00749,2,0.00749,0.0,3.12E-4
6.475712,0.069914,0.012479,2,0.008141,0.004338,2.93E-4
6.488558,0.065009,0.01187,2,0.007532,0.004338,1.9E-4
6.506697,0.066031,0.008549,2,0.008549,0.0,2.42E-4
6.519544,0.067064,0.008084,2,0.008084,0.0,2.21E-4
6.537683,0.073884,0.012519,2,0.009715,0.002805,2.85E-4
6.550529,0.071896,0.011842,2,0.009037,0.002805,2.5E-4
6.568667,0.073469,0.011805,2,0.010359,0.001446,3.68E-4
6.581514,0.073172,0.011093,2,0.009648,0.001446,2.89E-4
6.599652,0.071122,0.011359,2,0.010767,5.92E-4,5.05E-4
6.612499,0.067106,0.010406,2,0.009814,5.92E-4,3.41E-4
6.630638,0.058841,0.011298,2,0.010533,7.65E-4,4.67E-4
6.643484,0.061497,0.010699,2,0.009934,7.65E-4,3.93E-4
6.661623,0.070197,0.010552,2,0.010552,0.0,5.73E-4
6.674469,0.070085,0.010186,2,0.010186,0.0,3.96E-4
6.692607,0.062423,0.010376,2,0.010376,0.0,4.17E-4
6.705453,0.073361,0.010725,2,0.010725,0.0,3.02E-4
6.723592,0.067671,0.013435,2,0.010324,0.003111,2.72E-4
6.736438,0.068845,0.013698,2,0.010587,0.003111,2.43E-4
6.754577,0.071351,0.013297,2,0.01063,0.002667,2.42E-4
6.767423,0.070678,0.013975,2,0.011308,0.002667,2.63E-4
6.785561,0.065278,0.010579,2,0.010579,0.0,2.98E-4
6.798408,0.064429,0.011316,2,0.011316,0.0,2.73E-4
6.816545,0.069468,0.012589,2,0.010712,0.001878,3.39E-4
6.829392,0.066406,0.013214,2,0.011336,0.001878,2.84E-4
6.84753,0.065548,0.010651,2,0.010651,0.0,3.29E-4
6.860376,0.065194,0.011334,2,0.011334,0.0,2.64E-4
6.878514,0.070106,0.012119,2,0.010354,0.001764,3.62E-4
6.891361,0.07454,0.013377,2,0.011613,0.001764,2.85E-4
6.909499,0.067682,0.011927,2,0.010163,0.001764,3.39E-4
6.922345,0.068629,0.012754,2,0.010989,0.001764,2.86E-4
6.940483,0.069822,0.012028,2,0.010188,0.00184,3.27E-4
6.953329,0.070042,0.012836,2,0.010996,0.00184,2.87E-4
6.971467,0.069615,0.010182,2,0.010182,0.0,3.19E-4
6.984313,0.069149,0.01098,2,0.01098,0.0,2.91E-4
7.002451,0.070486,0.010613,2,0.010613,0.0,3.6E-4
7.015297,0.073603,0.01124,2,0.01124,0.0,3.4E-4
7.033435,0.069589,0.012948,2,0.010644,0.002305,4.27E-4
7.046281,0.065521,0.013118,2,0.010813,0.002305,3.37E-4
7.064419,0.06633,0.010209,2,0.010209,0.0,4.38E-4
7.077265,0.066639,0.010382,2,0.010382,0.0,3.93E-4
7.095403,0.072634,0.010316,2,0.010316,0.0,5.42E-4
7.108249,0.06683,0.010059,2,0.010059,0.0,4.07E-4
7.126387,0.074641,0.012734,2,0.010429,0.002305,5.54E-4
7.139233,0.069261,0.01238,2,0.010075,0.002305,3.85E-4
7.157371,0.066577,0.010316,2,0.010316,0.0,3.97E-4
7.170217,0.06696,0.009852,2,0.009852,0.0,3.45E-4
7.188354,0.063601,0.012627,2,0.010586,0.00204,3.61E-4
7.2012,0.065451,0.012429,2,0.010389,0.00204,3.11E-4
7.219338,0.06203,0.013435,2,0.011395,0.00204,3.11E-4
7.232184,0.06652,0.01309,2,0.01105,0.00204,2.87E-4
7.250322,0.067966,0.015895,2,0.012706,0.003189,3.8E-4
7.263167,0.065415,0.014985,2,0.011796,0.003189,3.08E-4
7.281305,0.067188,0.016548,2,0.013358,0.003189,4.42E-4
7.294151,0.068594,0.015599,2,0.012409,0.003189,3.62E-4
7.312289,0.070579,0.017465,2,0.014276,0.003189,5.14E-4
7.325134,0.067778,0.016141,2,0.012952,0.003189,3.93E-4
7.343272,0.073594,0.016221,2,0.014942,0.001279,5.39E-4
7.356118,0.066973,0.014594,2,0.013315,0.001279,4.31E-4
7.374255,0.058264,0.014286,2,0.014286,0.0,4.01E-4
7.387101,0.070833,0.013817,2,0.013817,0.0,4.34E-4
7.405238,0.071422,0.01635,2,0.015071,0.001279,5.05E-4
7.416128,0.06731,0.013686,3,0.009909,0.003777,5.19E-4
7.418084,0.071519,0.01574,2,0.014461,0.001279,3.89E-4
7.436222,0.070768,0.016,2,0.015186,8.14E-4,5.75E-4
7.441826,0.065692,0.013169,3,0.009392,0.003777,5.22E-4
7.449067,0.063598,0.015059,2,0.014245,8.14E-4,3.32E-4
7.467205,0.064544,0.018557,2,0.015481,0.003077,4.56E-4
7.478103,0.065296,0.009524,3,0.009524,0.0,4.52E-4
7.48005,0.060995,0.018008,2,0.014932,0.003077,3.0E-4
7.503801,0.063612,0.00928,3,0.00928,0.0,4.58E-4
7.543313,0.062384,0.008601,1,0.008601,0.0,4.3E-4
7.565776,0.068226,0.009418,3,0.009418,0.0,4.6E-4
7.585874,0.06496,0.007643,1,0.007643,0.0,6.2E-4
7.602053,0.067245,0.009808,3,0.009281,5.27E-4,3.42E-4
7.605403,0.066387,0.008596,1,0.008596,0.0,6.17E-4
7.627751,0.065063,0.009902,3,0.009375,5.27E-4,4.83E-4
7.647965,0.065852,0.009045,1,0.007685,0.00136,7.11E-4
7.664028,0.069353,0.009793,3,0.009266,5.27E-4,3.67E-4
7.667495,0.068898,0.009472,1,0.008112,0.00136,7.68E-4
7.689726,0.068731,0.009689,3,0.009162,5.27E-4,5.68E-4
7.710057,0.070117,0.010734,1,0.007351,0.003383,9.48E-4
7.726003,0.068117,0.008713,3,0.008713,0.0,3.94E-4
7.729586,0.071425,0.010938,1,0.007555,0.003383,7.92E-4
7.7517,0.070837,0.008854,3,0.008854,0.0,6.21E-4
7.772148,0.06924,0.007263,1,0.007263,0.0,8.52E-4
7.787978,0.069428,0.008425,3,0.008425,0.0,3.98E-4
7.791677,0.067216,0.006952,1,0.006952,0.0,6.2E-4
7.813675,0.069719,0.008745,3,0.008745,0.0,7.96E-4
7.834239,0.07167,0.011721,1,0.007286,0.004436,7.02E-4
7.849952,0.070168,0.00826,3,0.00826,0.0,3.92E-4
7.853769,0.072518,0.011476,1,0.00704,0.004436,6.09E-4
7.896331,0.06628,0.010039,1,0.007447,0.002591,6.44E-4
7.911927,0.071231,0.008073,3,0.008073,0.0,4.48E-4
7.915861,0.068801,0.009444,1,0.006853,0.002591,6.24E-4
7.937625,0.074661,0.008381,3,0.008381,0.0,7.27E-4
7.958423,0.062825,0.011177,1,0.007331,0.003845,6.8E-4
7.973902,0.070565,0.011383,3,0.007665,0.003718,5.27E-4
7.977952,0.064783,0.01039,1,0.006544,0.003845,6.87E-4
7.999599,0.072122,0.011546,3,0.007828,0.003718,7.85E-4
8.020514,0.07522,0.007588,1,0.007588,0.0,8.68E-4
8.035876,0.07618,0.007262,3,0.007262,0.0,5.3E-4
8.040044,0.075227,0.006501,1,0.006501,0.0,7.5E-4
8.082606,0.067654,0.008654,1,0.007354,0.0013,6.94E-4
8.097852,0.077472,0.008296,3,0.007127,0.001168,4.64E-4
8.102136,0.074111,0.007662,1,0.006363,0.0013,6.6E-4
8.123549,0.078871,0.008417,3,0.007248,0.001168,7.2E-4
8.144697,0.078668,0.009152,1,0.007608,0.001544,7.33E-4
8.159826,0.079604,0.008127,3,0.006959,0.001168,4.18E-4
8.164227,0.079252,0.008061,1,0.006517,0.001544,6.99E-4
8.185524,0.082243,0.008428,3,0.00726,0.001168,6.58E-4
8.206789,0.081298,0.007736,1,0.007736,0.0,7.64E-4
8.221801,0.085385,0.007269,3,0.007269,0.0,4.39E-4
8.226318,0.077926,0.00652,1,0.00652,0.0,7.85E-4
8.247499,0.085633,0.007374,3,0.007374,0.0,7.21E-4
8.268881,0.085266,0.007798,1,0.007798,0.0,9.07E-4
8.283776,0.085331,0.007323,3,0.007323,0.0,5.11E-4
8.28841,0.083343,0.006592,1,0.006592,0.0,9.27E-4
8.330973,0.095987,0.008966,1,0.008201,7.65E-4,0.001134
8.345751,0.088333,0.007119,3,0.007119,0.0,6.53E-4
8.350502,0.094974,0.007468,1,0.006703,7.65E-4,0.001036
8.371448,0.088695,0.006964,3,0.006964,0.0,9.85E-4
8.393064,0.093149,0.0073,1,0.0073,0.0,0.001082
8.407725,0.091669,0.01412,3,0.006857,0.007263,5.91E-4
8.412594,0.09805,0.006761,1,0.006761,0.0,9.49E-4
8.433423,0.094773,0.014359,3,0.007096,0.007263,8.67E-4
8.455156,0.096411,0.007883,1,0.007266,6.17E-4,0.001058
8.4697,0.095522,0.007401,3,0.007401,0.0,0.001153
8.474686,0.096274,0.007311,1,0.006693,6.17E-4,8.67E-4
8.495398,0.087795,0.007557,3,0.007557,0.0,7.54E-4
8.517249,0.096285,0.007194,1,0.007194,0.0,0.001019
8.536778,0.09745,0.006958,1,0.006958,0.0,8.83E-4
8.579341,0.10324,0.007221,1,0.007221,0.0,0.001157
8.641433,0.10729,0.008902,1,0.007204,0.001698,0.00131
8.660962,0.106043,0.008709,1,0.007011,0.001698,0.00108
8.703525,0.109482,0.00694,1,0.00694,0.0,0.001371
8.723054,0.109624,0.007108,1,0.007108,0.0,0.001141
8.765617,0.115334,0.006812,1,0.006812,0.0,0.001399
8.785147,0.115148,0.00704,1,0.00704,0.0,0.00109
8.827709,0.120141,0.006748,1,0.006748,0.0,0.001384
8.847239,0.124359,0.007295,1,0.007295,0.0,0.001094
8.889802,0.13205,0.007476,1,0.006992,4.84E-4,0.001511
8.909331,0.128123,0.007862,1,0.007379,4.84E-4,0.001065
8.951894,0.131173,0.007146,1,0.007146,0.0,0.001448
8.971423,0.136812,0.007665,1,0.007665,0.0,0.001166
9.013987,0.141405,0.008114,1,0.007398,7.16E-4,0.00162
9.033516,0.141752,0.008518,1,0.007802,7.16E-4,0.001232
9.076078,0.142126,0.007425,1,0.007425,0.0,0.001786
9.095608,0.144408,0.00779,1,0.00779,0.0,0.001405
9.138171,0.151657,0.007628,1,0.007628,0.0,0.001993
9.157701,0.147406,0.00777,1,0.00777,0.0,0.00147
9.200264,0.157375,0.009419,1,0.007748,0.001671,0.002014
9.219793,0.156852,0.009572,1,0.007901,0.001671,0.001417
9.262357,0.156546,0.007807,1,0.007807,0.0,0.001898
9.281885,0.16193,0.008,1,0.008,0.0,0.001433
9.32445,0.163186,0.007995,1,0.007995,0.0,0.001974
9.343978,0.160902,0.008013,1,0.008013,0.0,0.00147
9.386541,0.164364,0.01035,1,0.008132,0.002219,0.002038
9.406071,0.165172,0.010377,1,0.008158,0.002219,0.001603
9.448634,0.166732,0.010088,1,0.008274,0.001813,0.002167
9.468163,0.168588,0.009898,1,0.008085,0.001813,0.001771
9.510727,0.166047,0.010449,1,0.00823,0.002219,0.002256
9.530256,0.166236,0.010128,1,0.007909,0.002219,0.001756
9.57282,0.166827,0.008184,1,0.008184,0.0,0.002259
9.592349,0.162142,0.00766,1,0.00766,0.0,0.001697
9.634913,0.162278,0.01094,1,0.007939,0.003,0.002055
9.654442,0.163772,0.010609,1,0.007609,0.003,0.001701
9.697006,0.164833,0.010927,1,0.007927,0.003,0.001989
9.716535,0.165157,0.010619,1,0.007618,0.003,0.001658
9.759099,0.166103,0.01131,1,0.007831,0.003479,0.002044
9.778628,0.170217,0.011181,1,0.007701,0.003479,0.001671
9.821192,0.172912,0.008047,1,0.008047,0.0,0.002143
9.840721,0.172858,0.007765,1,0.007765,0.0,0.001697
9.883286,0.173344,0.009434,1,0.008081,0.001353,0.002134
9.902814,0.175443,0.00929,1,0.007937,0.001353,0.001769
9.945378,0.172581,0.00808,1,0.00808,0.0,0.00218
9.964908,0.171053,0.007835,1,0.007835,0.0,0.00171
10.007471,0.174682,0.009453,1,0.008101,0.001353,0.002301
10.027,0.175144,0.009261,1,0.007908,0.001353,0.001756
10.069565,0.175475,0.008058,1,0.008058,0.0,0.002332
10.089093,0.177857,0.007883,1,0.007883,0.0,0.001764
10.131658,0.176641,0.007967,1,0.007967,0.0,0.002391
10.151187,0.175406,0.007836,1,0.007836,0.0,0.001673
10.21328,0.175123,0.007935,1,0.007935,0.0,0.001621
10.255845,0.172072,0.01177,1,0.008048,0.003722,0.002006
10.275373,0.173788,0.011668,1,0.007945,0.003722,0.001544
10.317938,0.17579,0.011887,1,0.008221,0.003666,0.001998
10.337467,0.175139,0.01187,1,0.008204,0.003666,0.00159
10.380032,0.183959,0.011612,1,0.008446,0.003166,0.002124
10.399561,0.182301,0.011555,1,0.008389,0.003166,0.001734
10.442125,0.180721,0.010758,1,0.008484,0.002274,0.002113
10.461654,0.178606,0.010714,1,0.00844,0.002274,0.001655
10.504219,0.175132,0.00845,1,0.00845,0.0,0.002058
10.523747,0.179686,0.008501,1,0.008501,0.0,0.001679
10.566312,0.176455,0.009049,1,0.008551,4.98E-4,0.002128
10.585841,0.173258,0.008892,1,0.008394,4.98E-4,0.001724
10.628406,0.171198,0.008353,1,0.008353,0.0,0.002083
10.647935,0.171216,0.008378,1,0.008378,0.0,0.001692
10.690499,0.172837,0.008402,1,0.008402,0.0,0.002041
10.752593,0.173212,0.00856,1,0.008365,1.95E-4,0.002003
10.772122,0.169856,0.008671,1,0.008476,1.95E-4,0.001478
10.814688,0.1717,0.008493,1,0.008493,0.0,0.001969
10.834216,0.177744,0.008643,1,0.008643,0.0,0.001622
10.876781,0.1707,0.008992,1,0.008638,3.54E-4,0.001893
10.89631,0.17066,0.009006,1,0.008653,3.54E-4,0.00158
10.938875,0.173224,0.010919,1,0.008755,0.002165,0.001925
10.958404,0.174244,0.010978,1,0.008813,0.002165,0.001667
11.000969,0.175179,0.008873,1,0.008873,0.0,0.002124
11.020498,0.173495,0.008842,1,0.008842,0.0,0.001668
11.063063,0.168701,0.008782,1,0.008782,0.0,0.002144
11.082592,0.169103,0.008733,1,0.008733,0.0,0.001629
11.125157,0.164177,0.010922,1,0.008757,0.002165,0.002002
11.144686,0.167268,0.010945,1,0.00878,0.002165,0.001602
11.187251,0.16807,0.013104,1,0.008724,0.00438,0.002002
11.20678,0.171282,0.013244,1,0.008865,0.00438,0.001616
11.249346,0.167973,0.008781,1,0.008781,0.0,0.001992
11.268874,0.164186,0.008687,1,0.008687,0.0,0.001466
11.31144,0.169563,0.013326,1,0.008702,0.004624,0.001933
11.330969,0.169116,0.013411,1,0.008787,0.004624,0.001546
11.373534,0.165832,0.008752,1,0.008752,0.0,0.001901
11.393063,0.161398,0.008612,1,0.008612,0.0,0.001481
11.435628,0.165541,0.013409,1,0.008785,0.004624,0.00184
11.455157,0.163931,0.013441,1,0.008817,0.004624,0.001459
11.497723,0.160295,0.013257,1,0.008801,0.004456,0.001788
11.517252,0.15865,0.013266,1,0.00881,0.004456,0.001408
11.559817,0.150316,0.013231,1,0.008775,0.004456,0.00169
11.579346,0.15221,0.013221,1,0.008765,0.004456,0.001389
11.621912,0.154111,0.008951,1,0.008951,0.0,0.001769
11.64144,0.147058,0.008623,1,0.008623,0.0,0.001323
11.684006,0.143709,0.009902,1,0.008918,9.84E-4,0.001696
11.703535,0.144801,0.009696,1,0.008712,9.84E-4,0.001356
11.7461,0.146687,0.008886,1,0.008886,0.0,0.001753
11.76563,0.145474,0.008638,1,0.008638,0.0,0.001391
11.808195,0.139414,0.008737,1,0.008737,0.0,0.001643
11.827724,0.134853,0.008405,1,0.008405,0.0,0.001265
11.87029,0.133228,0.008482,1,0.008482,0.0,0.001483
11.889819,0.136831,0.008324,1,0.008324,0.0,0.001211
11.932384,0.131338,0.015026,1,0.008678,0.006349,0.001451
11.951914,0.128888,0.014591,1,0.008242,0.006349,0.001073
11.994479,0.128177,0.008591,1,0.008591,0.0,0.001375
12.014009,0.11753,0.008174,1,0.008174,0.0,0.001024
12.056575,0.123726,0.008635,1,0.008635,0.0,0.00138
12.076103,0.116343,0.008125,1,0.008125,0.0,9.77E-4
12.11867,0.120438,0.008707,1,0.008707,0.0,0.001297
12.138198,0.11996,0.008426,1,0.008426,0.0,0.001053
12.180764,0.115945,0.009798,1,0.008753,0.001045,0.001176
12.200293,0.115304,0.00947,1,0.008426,0.001045,0.001021
12.242859,0.11654,0.009552,1,0.008862,6.9E-4,0.00122
12.262388,0.115616,0.009222,1,0.008532,6.9E-4,0.001009
12.304955,0.115075,0.00887,1,0.00887,0.0,0.001254
12.324483,0.116525,0.008675,1,0.008675,0.0,0.001043
12.367049,0.103737,0.009296,1,0.008606,6.9E-4,0.001138
12.386578,0.103797,0.009089,1,0.008399,6.9E-4,9.06E-4
12.429145,0.104273,0.008609,1,0.008609,0.0,0.001136
12.448673,0.101139,0.008359,1,0.008359,0.0,8.99E-4
12.49124,0.097541,0.008422,1,0.008422,0.0,0.00111
12.510768,0.09839,0.008165,1,0.008165,0.0,8.91E-4
12.553335,0.098436,0.008508,1,0.008508,0.0,0.001103
12.572864,0.103303,0.008275,1,0.008275,0.0,9.35E-4
12.61543,0.102093,0.008459,1,0.008459,0.0,0.001146
12.634958,0.097313,0.008195,1,0.008195,0.0,8.8E-4
12.677526,0.098705,0.008475,1,0.008475,0.0,0.001148
12.697054,0.095733,0.008154,1,0.008154,0.0,8.35E-4
12.739621,0.098787,0.008507,1,0.008507,0.0,0.001075
12.75915,0.102592,0.008341,1,0.008341,0.0,8.68E-4
12.801716,0.099804,0.008528,1,0.008528,0.0,0.001037
12.821245,0.100261,0.008396,1,0.008396,0.0,8.41E-4
12.863811,0.094259,0.009956,1,0.008503,0.001453,9.79E-4
12.88334,0.094498,0.009808,1,0.008354,0.001453,7.72E-4
12.925907,0.095018,0.010225,1,0.008772,0.001453,9.81E-4
12.945436,0.092039,0.009858,1,0.008405,0.001453,7.46E-4
12.988003,0.093096,0.013168,1,0.008896,0.004272,9.62E-4
13.007531,0.092708,0.012681,1,0.008409,0.004272,7.22E-4
13.050098,0.095346,0.013373,1,0.009101,0.004272,9.74E-4
13.069627,0.097282,0.013069,1,0.008797,0.004272,7.42E-4
13.112194,0.089291,0.012109,1,0.00914,0.002968,9.22E-4
13.131722,0.087964,0.011736,1,0.008768,0.002968,7.18E-4
13.17429,0.089662,0.012319,1,0.00935,0.002968,9.38E-4
13.193818,0.090119,0.011749,1,0.008781,0.002968,7.68E-4
13.236385,0.092598,0.009498,1,0.009498,0.0,9.9E-4
13.255914,0.10001,0.009176,1,0.009176,0.0,8.75E-4
13.298482,0.09307,0.012502,1,0.009534,0.002968,0.001015
13.31801,0.09448,0.012156,1,0.009188,0.002968,7.83E-4
13.360578,0.098271,0.013027,1,0.009791,0.003236,0.001024
13.380106,0.093907,0.012513,1,0.009277,0.003236,7.32E-4
13.422673,0.093762,0.009755,1,0.009755,0.0,9.63E-4
13.442202,0.094472,0.009489,1,0.009489,0.0,7.62E-4
13.484769,0.092613,0.01351,1,0.009895,0.003616,9.4E-4
13.504297,0.094324,0.013069,1,0.009453,0.003616,7.68E-4
13.546865,0.099861,0.010124,1,0.010124,0.0,9.85E-4
13.566394,0.087764,0.009478,1,0.009478,0.0,7.43E-4
13.608961,0.094293,0.012678,1,0.010001,0.002678,9.83E-4
13.628489,0.093963,0.012445,1,0.009767,0.002678,7.84E-4
13.671058,0.093245,0.01291,1,0.010233,0.002678,0.001003
13.690586,0.09682,0.012734,1,0.010056,0.002678,7.66E-4
13.733153,0.093401,0.012963,1,0.010285,0.002678,9.27E-4
13.752682,0.095058,0.012896,1,0.010219,0.002678,7.63E-4
13.79525,0.097725,0.012537,1,0.010533,0.002004,9.34E-4
13.814778,0.098166,0.012613,1,0.010609,0.002004,8.02E-4
13.857347,0.099852,0.012597,1,0.010864,0.001733,9.73E-4
13.876875,0.101441,0.012563,1,0.01083,0.001733,8.76E-4
13.919442,0.102864,0.011913,1,0.011286,6.27E-4,0.001041
13.938971,0.098899,0.011622,1,0.010994,6.27E-4,7.94E-4
13.981539,0.098572,0.011506,1,0.011506,0.0,9.74E-4
14.001067,0.098554,0.011315,1,0.011315,0.0,7.41E-4
14.001878,0.09863,0.005513,5,0.005513,0.0,0.001464
14.072479,0.106047,0.00472,5,0.00472,0.0,0.001487
14.093568,0.10325,0.003702,5,0.003702,0.0,0.0013
14.164172,0.098327,0.004406,5,0.004406,0.0,0.001203
14.185258,0.107519,0.004944,5,0.004944,0.0,0.001165
14.255864,0.109179,0.003934,5,0.003934,0.0,0.001329
14.276948,0.101671,0.003596,5,0.003596,0.0,0.001127
14.368639,0.105789,0.003263,5,0.003263,0.0,0.00114
14.43925,0.10312,0.003431,5,0.003431,0.0,9.51E-4
14.460329,0.102899,0.003496,5,0.003496,0.0,0.001028
14.530942,0.109441,0.003833,5,0.003833,0.0,9.57E-4
14.55202,0.106546,0.003086,5,0.003086,0.0,0.001083
14.622635,0.103841,0.00375,5,0.00375,0.0,0.001437
14.643711,0.107207,0.003301,5,0.003301,0.0,0.001085
14.714327,0.107034,0.004802,5,0.003084,0.001718,0.001989
14.735402,0.106726,0.00484,5,0.003122,0.001718,0.001049
14.80602,0.109944,0.004806,5,0.003087,0.001718,0.001296
14.827093,0.107872,0.004981,5,0.003263,0.001718,0.001091
14.897712,0.104717,0.003958,5,0.003958,0.0,9.9E-4
14.918785,0.104872,0.003508,5,0.003508,0.0,0.001106
14.989405,0.106735,0.004913,5,0.002785,0.002129,0.001043
15.010476,0.106973,0.005262,5,0.003134,0.002129,0.001068
15.081097,0.112311,0.002739,5,0.002739,0.0,0.001047
15.102168,0.116119,0.003404,5,0.003404,0.0,0.001034
15.172789,0.113353,0.005222,5,0.003093,0.002129,0.001085
15.193859,0.110773,0.004876,5,0.002747,0.002129,0.001023
15.264482,0.115425,0.003171,5,0.003171,0.0,0.001137
15.356174,0.116304,0.003544,5,0.003544,0.0,0.001138
15.377243,0.118451,0.003281,5,0.003281,0.0,0.001193
15.447865,0.129493,0.003383,5,0.003383,0.0,0.001257
15.468936,0.120458,0.002763,5,0.002763,0.0,0.001199
15.539557,0.12573,0.002702,5,0.002702,0.0,0.001226
15.560628,0.126722,0.003012,5,0.003012,0.0,0.001267
15.63125,0.128633,0.005329,5,0.002748,0.002581,0.001338
15.65232,0.126611,0.005618,5,0.003037,0.002581,0.001273
15.722942,0.128812,0.004866,5,0.002722,0.002145,0.001365
15.744013,0.129534,0.005111,5,0.002966,0.002145,0.001255
15.814634,0.133217,0.005141,5,0.002996,0.002145,0.001389
15.835706,0.13375,0.004994,5,0.002849,0.002145,0.001297
15.906326,0.134696,0.003115,5,0.003115,0.0,0.001362
15.927398,0.135496,0.004238,5,0.004238,0.0,0.001405
15.998018,0.139343,0.003395,5,0.003395,0.0,0.001342
16.019091,0.139006,0.003992,5,0.003992,0.0,0.001432
16.08971,0.138533,0.007224,5,0.003399,0.003825,0.001306
16.110785,0.137821,0.007178,5,0.003353,0.003825,0.001381
16.181402,0.147063,0.00348,5,0.00348,0.0,0.001479
16.202477,0.141664,0.004375,5,0.004375,0.0,0.001517
16.273094,0.146365,0.003601,5,0.003601,0.0,0.001521
16.364786,0.148914,0.003745,5,0.003745,0.0,0.001569
16.385864,0.145708,0.004261,5,0.004261,0.0,0.001561
16.456478,0.150163,0.004257,5,0.004257,0.0,0.001563
16.477558,0.146786,0.004597,5,0.004597,0.0,0.001459
16.54817,0.157425,0.003868,5,0.003868,0.0,0.001666
16.569252,0.150222,0.003991,5,0.003991,0.0,0.001487
16.63986,0.157484,0.004116,5,0.004116,0.0,0.001586
16.660946,0.157663,0.00425,5,0.00425,0.0,0.001524
16.731552,0.156334,0.003717,5,0.003717,0.0,0.001495
16.75264,0.157553,0.004156,5,0.004156,0.0,0.001636
16.823244,0.160539,0.004276,5,0.004276,0.0,0.001548
16.914936,0.163447,0.005903,5,0.004659,0.001244,0.001623
16.936028,0.165942,0.005447,5,0.004203,0.001244,0.001954
17.006628,0.167114,0.004023,5,0.004023,0.0,0.001883
17.027721,0.163085,0.004305,5,0.004305,0.0,0.001927
17.098318,0.169077,0.00512,5,0.00445,6.7E-4,0.002005
17.119417,0.167715,0.00552,5,0.00485,6.7E-4,0.001986
17.19001,0.170192,0.004603,5,0.004603,0.0,0.002112
17.211111,0.1744,0.004729,5,0.004729,0.0,0.002087
17.281702,0.171429,0.004331,5,0.004331,0.0,0.002203
17.302805,0.169671,0.004614,5,0.004614,0.0,0.002076
17.373394,0.172636,0.004502,5,0.004502,0.0,0.00221
17.394501,0.174557,0.004919,5,0.004919,0.0,0.002099
17.465084,0.182345,0.004438,5,0.004438,0.0,0.002148
17.486197,0.172609,0.004934,5,0.004934,0.0,0.002004
17.556776,0.182875,0.004758,5,0.004758,0.0,0.001968
17.57789,0.176527,0.005245,5,0.005245,0.0,0.001895
17.648468,0.177574,0.004366,5,0.004366,0.0,0.0019
17.669586,0.172991,0.00501,5,0.00501,0.0,0.001711
17.740158,0.185934,0.005889,5,0.005889,0.0,0.001942
17.761282,0.188679,0.005043,5,0.005043,0.0,0.002308
17.83185,0.184718,0.007835,5,0.004952,0.002883,0.001821
17.852978,0.183101,0.009374,5,0.006491,0.002883,0.002987
17.92354,0.177159,0.005024,5,0.005024,0.0,0.001853
18.015232,0.182602,0.007234,5,0.005868,0.001366,0.002072
18.036369,0.189808,0.007563,5,0.006197,0.001366,0.002251
18.106924,0.179686,0.005314,5,0.005314,0.0,0.002116
18.128065,0.179302,0.005787,5,0.005787,0.0,0.001884
18.198614,0.183618,0.008046,5,0.005851,0.002196,0.002125
18.219761,0.184163,0.008378,5,0.006183,0.002196,0.001962
18.290306,0.180259,0.007917,5,0.005722,0.002196,0.002204
18.311457,0.184529,0.007411,5,0.005216,0.002196,0.001973
18.381996,0.187146,0.005066,5,0.005066,0.0,0.002322
18.403152,0.183582,0.006203,5,0.006203,0.0,0.00211
18.473688,0.182916,0.005388,5,0.005244,1.44E-4,0.00219
18.49485,0.186818,0.005386,5,0.005242,1.44E-4,0.002196
18.565378,0.183032,0.005064,5,0.005064,0.0,0.002
18.586546,0.182062,0.006816,5,0.006816,0.0,0.001989
18.65707,0.186121,0.005908,5,0.005908,0.0,0.001953
18.678244,0.179492,0.005402,5,0.005402,0.0,0.001684
18.74876,0.181667,0.007883,5,0.005706,0.002178,0.001872
18.769939,0.178977,0.007664,5,0.005487,0.002178,0.001574
18.84045,0.181595,0.005047,5,0.005047,0.0,0.001961
18.861637,0.18891,0.0055,5,0.0055,0.0,0.002253
18.932142,0.182956,0.007284,5,0.004956,0.002328,0.002531
18.953335,0.181011,0.007517,5,0.005189,0.002328,0.002481
19.045033,0.181078,0.004821,5,0.004821,0.0,0.001784
19.115522,0.184761,0.008573,5,0.006395,0.002178,0.002515
19.136728,0.185346,0.007455,5,0.005277,0.002178,0.001657
19.207214,0.178494,0.006041,5,0.005374,6.67E-4,0.001844
19.228426,0.181849,0.006652,5,0.005985,6.67E-4,0.001497
19.298904,0.177705,0.005393,5,0.005393,0.0,0.002638
19.320124,0.177225,0.00539,5,0.00539,0.0,0.001402
19.390594,0.175473,0.008693,5,0.006575,0.002118,0.003131
19.411821,0.175265,0.007756,5,0.005638,0.002118,0.001512
19.482286,0.176658,0.008303,5,0.006184,0.002118,0.001878
19.503519,0.182792,0.007513,5,0.005395,0.002118,0.001703
19.573977,0.177105,0.005951,5,0.005951,0.0,0.001704
19.595219,0.173363,0.006254,5,0.006254,0.0,0.001581
19.686916,0.174014,0.005582,5,0.005582,0.0,0.001691
19.757357,0.164585,0.006885,5,0.006885,0.0,0.0017
19.778614,0.172954,0.006133,5,0.006133,0.0,0.00182
19.828897,0.171245,0.013352,6,0.005059,0.008293,0.002188
19.849047,0.170733,0.006165,5,0.006165,0.0,0.001857
19.870314,0.164064,0.006513,5,0.006513,0.0,0.001747
19.871662,0.168673,0.012812,6,0.004519,0.008293,0.001876
19.940739,0.164107,0.009575,5,0.006402,0.003173,0.001761
19.962011,0.165818,0.010013,5,0.00684,0.003173,0.001818
20.012285,0.169472,0.01437,6,0.005574,0.008796,0.00225
20.032429,0.168347,0.010587,5,0.007413,0.003173,0.001752
20.053711,0.169112,0.01008,5,0.006907,0.003173,0.001916
20.055031,0.169638,0.013619,6,0.004822,0.008796,0.001843
20.124119,0.167679,0.006552,5,0.006552,0.0,0.001681
20.145409,0.167813,0.006501,5,0.006501,0.0,0.001877
20.195675,0.163222,0.007348,6,0.004183,0.003165,0.002108
20.215809,0.167159,0.007339,5,0.007339,0.0,0.001736
20.2384,0.162128,0.007028,6,0.003863,0.003165,0.001534
20.328808,0.159537,0.007584,5,0.007584,0.0,0.001515
20.379063,0.16148,0.004647,6,0.003982,6.65E-4,0.001914
20.399189,0.166963,0.006953,5,0.006953,0.0,0.001841
20.420507,0.166772,0.008198,5,0.008198,0.0,0.001653
20.421768,0.161663,0.004717,6,0.004052,6.65E-4,0.001458
20.490879,0.156136,0.008865,5,0.007197,0.001668,0.001739
20.503708,0.154925,0.004684,4,0.002762,0.001922,0.002767
20.512207,0.15637,0.008899,5,0.007231,0.001668,0.001704
20.562452,0.159986,0.006033,6,0.003806,0.002228,0.001712
20.605139,0.159583,0.005938,6,0.00371,0.002228,0.001495
20.612185,0.156443,0.004946,4,0.003024,0.001922,0.001984
20.679626,0.161426,0.00334,4,0.00334,0.0,0.00147
20.74584,0.157217,0.006507,6,0.004535,0.001972,0.001659
20.786753,0.159073,0.003793,4,0.003793,0.0,0.002329
20.788507,0.160236,0.006372,6,0.0044,0.001972,0.00143
20.85565,0.161143,0.002911,4,0.002911,0.0,0.001638
20.92923,0.160854,0.00388,6,0.00388,0.0,0.001979
20.961426,0.161672,0.003121,4,0.003121,0.0,0.001785
20.971878,0.160363,0.004686,6,0.004686,0.0,0.0013
21.031778,0.15571,0.002532,4,0.002532,0.0,0.001926
21.112617,0.153728,0.0089,6,0.004641,0.004259,0.004063
21.136204,0.156688,0.002889,4,0.002889,0.0,0.001805
21.155247,0.152361,0.008893,6,0.004634,0.004259,0.001468
21.208015,0.154665,0.004971,4,0.002873,0.002098,0.001696
21.296005,0.159336,0.012289,6,0.004292,0.007997,0.003526
21.311087,0.154516,0.005515,4,0.003417,0.002098,0.002016
21.338617,0.157143,0.012051,6,0.004054,0.007997,0.002132
21.384357,0.15761,0.003047,4,0.003047,0.0,0.001711
21.479395,0.15043,0.023085,6,0.004754,0.018331,0.002794
21.486073,0.158511,0.003126,4,0.003126,0.0,0.00156
21.560804,0.152602,0.003363,4,0.002551,8.12E-4,0.001705
21.661163,0.15094,0.003343,4,0.002531,8.12E-4,0.001702
21.73736,0.15211,0.003737,4,0.002925,8.12E-4,0.001853
21.836357,0.152326,0.00383,4,0.003018,8.12E-4,0.001879
21.914021,0.151812,0.00459,4,0.003212,0.001379,0.001694
22.011658,0.150383,0.004639,4,0.00326,0.001379,0.001793
22.090786,0.148317,0.002437,4,0.002437,0.0,0.002062
22.187059,0.150509,0.002478,4,0.002478,0.0,0.001947
22.267658,0.149571,0.004099,4,0.002423,0.001676,0.00243
22.362568,0.14748,0.004375,4,0.002699,0.001676,0.001783
22.444637,0.148128,0.004199,4,0.002523,0.001676,0.002084
22.538179,0.145823,0.004617,4,0.002941,0.001676,0.001723
22.621721,0.147792,0.004482,4,0.002806,0.001676,0.00178
22.713896,0.1474,0.004451,4,0.002776,0.001676,0.001839
22.798912,0.147593,0.002373,4,0.002373,0.0,0.00202
22.889715,0.148593,0.002502,4,0.002502,0.0,0.001976
22.97621,0.146803,0.001979,4,0.001979,0.0,0.001748
23.065639,0.147151,0.002079,4,0.002079,0.0,0.001803
23.153612,0.146003,0.002033,4,0.002033,0.0,0.001909
23.241669,0.146312,0.00271,4,0.00271,0.0,0.001726
23.331121,0.143156,0.003057,4,0.002327,7.29E-4,0.001881
23.417801,0.145994,0.003391,4,0.002662,7.29E-4,0.001577
23.508738,0.144736,0.002273,4,0.002092,1.81E-4,0.001593
23.594038,0.143129,0.002518,4,0.002337,1.81E-4,0.001769
23.686459,0.144511,0.001981,4,0.0018,1.81E-4,0.001727
23.77038,0.142096,0.002105,4,0.001924,1.81E-4,0.001614
23.864286,0.144959,0.001914,4,0.001734,1.81E-4,0.00167
23.946825,0.142799,0.002189,4,0.002008,1.81E-4,0.00169
24.042219,0.139354,0.001785,4,0.001785,0.0,0.001579
24.123373,0.139231,0.002177,4,0.002177,0.0,0.001692
24.220259,0.137124,0.003364,4,0.001888,0.001476,0.001634
24.300026,0.139678,0.003756,4,0.00228,0.001476,0.002568
24.398405,0.136753,0.001778,4,0.001778,0.0,0.001887
24.476784,0.131781,0.002016,4,0.002016,0.0,0.002766
24.576656,0.130944,0.002424,4,0.001719,7.06E-4,0.001624
24.653645,0.133426,0.002491,4,0.001785,7.06E-4,0.001992
24.755014,0.131566,0.002502,4,0.001768,7.34E-4,0.001422
24.83061,0.129643,0.00257,4,0.001836,7.34E-4,0.001687
24.933477,0.130674,0.001911,4,0.001911,0.0,0.001407
25.007679,0.132897,0.002071,4,0.002071,0.0,0.001608
25.112047,0.130862,0.002625,4,0.001891,7.34E-4,0.001453
25.184853,0.125892,0.003033,4,0.002299,7.34E-4,0.001425
25.290724,0.130476,0.001861,4,0.001861,0.0,0.00144
25.362129,0.126353,0.002062,4,0.002062,0.0,0.001615
25.469505,0.125947,0.001832,4,0.001832,0.0,0.001418
25.539511,0.125721,0.001947,4,0.001947,0.0,0.001961
25.648394,0.122063,0.00188,4,0.00188,0.0,0.001491
25.716995,0.123633,0.001945,4,0.001945,0.0,0.001829
25.827387,0.124433,0.003968,4,0.00209,0.001878,0.00146
25.894583,0.122942,0.004078,4,0.0022,0.001878,0.001433
26.072275,0.122032,0.002121,4,0.002121,0.0,0.001366
26.185694,0.122014,0.003987,4,0.002108,0.001878,0.001336
26.250072,0.12147,0.003935,4,0.002057,0.001878,0.001412
26.365005,0.123097,0.001892,4,0.001892,0.0,0.001399
26.427971,0.122456,0.001865,4,0.001865,0.0,0.001547
26.544424,0.122826,0.00188,4,0.00188,0.0,0.001406
26.605976,0.124168,0.002228,4,0.002228,0.0,0.001539
26.723949,0.121306,0.002047,4,0.002047,0.0,0.001393
26.784082,0.120816,0.002111,4,0.002111,0.0,0.001411
26.90358,0.122325,0.002381,4,0.002381,0.0,0.00132
26.962294,0.119111,0.002162,4,0.002162,0.0,0.001418
27.083317,0.121468,0.002147,4,0.002147,0.0,0.001343
27.140608,0.120517,0.002305,4,0.002305,0.0,0.001425
27.263161,0.120477,0.004622,4,0.001969,0.002653,0.001412
27.319027,0.119103,0.004657,4,0.002004,0.002653,0.001364
27.44311,0.12195,0.001941,4,0.001941,0.0,0.001397
27.497549,0.118465,0.002029,4,0.002029,0.0,0.001391
27.623163,0.118732,0.002702,4,0.001888,8.14E-4,0.001336
27.676174,0.118673,0.002827,4,0.002013,8.14E-4,0.001544
27.803326,0.116718,0.00218,4,0.00218,0.0,0.001312
27.854904,0.118327,0.002237,4,0.002237,0.0,0.001584
27.983593,0.117155,0.002653,4,0.002191,4.63E-4,0.00135
28.033737,0.116223,0.002706,4,0.002243,4.63E-4,0.00144
28.163965,0.116192,0.003912,4,0.00232,0.001592,0.001313
28.212673,0.117829,0.004153,4,0.002561,0.001592,0.001355
28.344446,0.114543,0.002706,4,0.002243,4.63E-4,0.001426
28.391712,0.112996,0.00273,4,0.002267,4.63E-4,0.0013
28.52503,0.109761,0.002398,4,0.002398,0.0,0.001316
28.570856,0.11305,0.002193,4,0.002193,0.0,0.001248
28.705723,0.114406,0.002102,4,0.002102,0.0,0.001232
28.750103,0.107691,0.002104,4,0.002104,0.0,0.001308
28.88652,0.112055,0.002162,4,0.002162,0.0,0.00132
28.929455,0.112366,0.002285,4,0.002285,0.0,0.001493
29.067425,0.109655,0.003086,4,0.002278,8.08E-4,0.001368
29.108908,0.109741,0.003378,4,0.00257,8.08E-4,0.001367
29.248434,0.105822,0.003229,4,0.002515,7.14E-4,0.001345
29.288465,0.104711,0.003326,4,0.002612,7.14E-4,0.001217
29.42955,0.110746,0.003315,4,0.002601,7.14E-4,0.001311
29.468126,0.106962,0.003645,4,0.002931,7.14E-4,0.001338
29.610771,0.103848,0.002617,4,0.002617,0.0,0.001292
29.64789,0.106015,0.002804,4,0.002804,0.0,0.00139
29.792101,0.104265,0.004517,4,0.002532,0.001985,0.001375
29.827759,0.103587,0.004462,4,0.002477,0.001985,0.001209
29.973534,0.10318,0.002126,4,0.002126,0.0,0.001411
30.007729,0.105173,0.00235,4,0.00235,0.0,0.001275
30.155075,0.100318,0.004357,4,0.002373,0.001985,0.001203
30.187803,0.09875,0.004603,4,0.002618,0.001985,0.001215
30.336721,0.104946,0.00246,4,0.00246,0.0,0.001333
30.367981,0.101904,0.002557,4,0.002557,0.0,0.001201
30.518475,0.097352,0.002801,4,0.00274,6.1E-5,0.00136
30.548262,0.097192,0.002804,4,0.002743,6.1E-5,0.001089
30.700333,0.094214,0.00321,4,0.002647,5.63E-4,0.001171
30.728645,0.098252,0.003222,4,0.002659,5.63E-4,0.001051
30.882298,0.097235,0.0027,4,0.0027,0.0,0.001197
30.909132,0.096937,0.002665,4,0.002665,0.0,0.001054
31.064367,0.092741,0.007035,4,0.002662,0.004373,0.001044
31.089722,0.092413,0.007352,4,0.002979,0.004373,0.001146
31.246546,0.095197,0.002941,4,0.002941,0.0,0.001099
31.270416,0.091956,0.003208,4,0.003208,0.0,0.001271
31.428827,0.090502,0.004251,4,0.002737,0.001514,0.001084
31.451212,0.094458,0.004576,4,0.003063,0.001514,0.001366
31.611217,0.091033,0.002994,4,0.002994,0.0,0.001253
31.632113,0.092198,0.003315,4,0.003315,0.0,0.001243
31.793713,0.089176,0.003083,4,0.003083,0.0,0.001065
31.813116,0.087156,0.003417,4,0.003417,0.0,0.001008
31.976313,0.091827,0.003342,4,0.003342,0.0,0.001066
31.994221,0.089978,0.003516,4,0.003516,0.0,0.001016
32.159019,0.086466,0.003822,4,0.003708,1.14E-4,0.001151
32.17543,0.088907,0.003989,4,0.003874,1.14E-4,0.001216
32.341835,0.086127,0.003575,4,0.003461,1.14E-4,0.00114
32.356743,0.088932,0.004118,4,0.004004,1.14E-4,0.001316
32.524754,0.089004,0.003406,4,0.003406,0.0,0.001321
32.538158,0.089129,0.00395,4,0.00395,0.0,0.00122
32.707779,0.089409,0.003743,4,0.003743,0.0,0.001576
32.719677,0.086922,0.004026,4,0.004026,0.0,0.001161
32.890911,0.084594,0.003753,4,0.003753,0.0,0.001559
32.901299,0.088373,0.004062,4,0.004062,0.0,0.001307
33.07415,0.088849,0.003834,4,0.003834,0.0,0.001317
33.083019,0.088505,0.00403,4,0.00403,0.0,0.00144
33.257492,0.087953,0.004716,4,0.004365,3.51E-4,0.001424
33.264847,0.084319,0.004858,4,0.004508,3.51E-4,0.001422
33.440941,0.085727,0.007646,4,0.00497,0.002676,0.0015
33.446777,0.085736,0.00719,4,0.004514,0.002676,0.001337
33.624496,0.082556,0.004238,4,0.004238,0.0,0.001367
33.628811,0.087301,0.005373,4,0.005373,0.0,0.001517
33.808159,0.090151,0.004709,4,0.004709,0.0,0.001444
33.810944,0.082014,0.005305,4,0.005305,0.0,0.001415
33.991932,0.083836,0.00621,4,0.00621,0.0,0.001381
34.175522,0.082152,0.007204,4,0.005179,0.002025,0.001922
34.1758,0.081623,0.006976,4,0.004951,0.002025,0.001405
34.357964,0.082946,0.006107,4,0.006107,0.0,0.001586
34.359779,0.083044,0.005359,4,0.005359,0.0,0.001577
34.540516,0.079554,0.005158,4,0.005158,0.0,0.00153
34.543869,0.077543,0.00552,4,0.00552,0.0,0.001483
34.723164,0.080376,0.006062,4,0.00593,1.32E-4,0.001754
34.728062,0.082194,0.006859,4,0.006727,1.32E-4,0.001501
34.905914,0.076991,0.0055,4,0.0055,0.0,0.002528
34.912361,0.080997,0.005449,4,0.005449,0.0,0.001613
35.088768,0.082808,0.00908,4,0.006416,0.002664,0.003771
35.096764,0.081568,0.008587,4,0.005923,0.002664,0.00175
35.271725,0.071391,0.007136,4,0.007136,0.0,0.002512
35.454784,0.075547,0.011493,4,0.008146,0.003347,0.003302
35.465893,0.076245,0.010457,4,0.00711,0.003347,0.001774
35.637947,0.076127,0.011959,4,0.009262,0.002697,0.003789
35.650616,0.07727,0.009912,4,0.007215,0.002697,0.002073
35.821213,0.073584,0.011873,4,0.009176,0.002697,0.002891
35.835445,0.071324,0.010794,4,0.008097,0.002697,0.002105
36.004581,0.06916,0.014101,4,0.00941,0.004691,0.00314
36.020378,0.071499,0.014524,4,0.009832,0.004691,0.002606
36.188049,0.075514,0.009839,4,0.009839,0.0,0.002757
36.205421,0.056516,0.008035,4,0.008035,0.0,0.002358
36.37162,0.068713,0.010364,4,0.010364,0.0,0.003045
36.555298,0.06299,0.015467,4,0.011663,0.003803,0.004639
36.575821,0.064477,0.014624,4,0.010821,0.003803,0.006715
36.739075,0.078212,0.012851,4,0.012851,0.0,0.004648
36.761181,0.077137,0.011406,4,0.011406,0.0,0.005767
36.922955,0.064787,0.011391,4,0.010818,5.74E-4,0.002971
36.946644,0.067471,0.011111,4,0.010538,5.74E-4,0.002669
37.106934,0.073305,0.014469,4,0.014469,0.0,0.003773
37.132217,0.067553,0.013295,4,0.013295,0.0,0.003291
37.291019,0.051886,0.013141,4,0.013141,0.0,0.003333
37.317894,0.06822,0.013124,4,0.013124,0.0,0.005059
